Workbook

Sheet 2016-2019
A1: File Name | B1: ISSN | C1: Total Articles | D1: SDG Presence (%) | E1: Top SDG Dominance (%) | F1: NEW WEIGHT SDGII | G1: Top SDG 1 | H1: Top SDG 2 | I1: Top SDG 3 | J1: SDG WHEELS FORMULA | K1: STEINGARD FINE-TUNING | L1: SDG-DNA | M1: SDG-DNA FORMULA | N1: Absolute Difference | P1: 1.2 | Q1: =0.5 -> 0.5 | R1: =1-Q1 -> 0.5 | S1: =Q1+R1 -> 1 | U1: 80 | V1: 60 | W1: 40 | X1: 20 | Y1: 0 | Z1: 0 | AA1: New Accuracy | AB1: =COUNTIF(N2:N49,"<2")/COUNT(N2:N49) -> 0.020833333
A2: Academy of Management Journal | B2: =_xlfn.XLOOKUP(A2,'2020-2023'!$A$2:$A$49,'2020-2023'!$B$2:$B$49,"N/A") -> 0001-4273 | C2: 359 | D2: 7.24 | E2: 50 | F2: =$Q$1*D2+$R$1*E2 -> 28.62 | G2: 16 | H2: 13 | I2: 3 | J2: =IF(F2>$U$1,"5",IF(F2>$V$1,"4",IF(F2>$W$1,"3",IF(F2>$X$1,"2",IF(F2>$Y$1,"1",IF(F2>$Z$1,"0")))))) -> 2 | K2: 5 | N2: =ABS(J2-K2) -> 3
A3: Academy of Management Review | B3: =_xlfn.XLOOKUP(A3,'2020-2023'!$A$2:$A$49,'2020-2023'!$B$2:$B$49,"N/A") -> 1930-3807 | C3: 200 | D3: 2 | E3: 50 | F3: =$Q$1*D3+$R$1*E3 -> 26 | G3: 10 | H3: 3 | I3: 15 | J3: =IF(F3>$U$1,"5",IF(F3>$V$1,"4",IF(F3>$W$1,"3",IF(F3>$X$1,"2",IF(F3>$Y$1,"1",IF(F3>$Z$1,"0")))))) -> 2 | K3: 5 | N3: =ABS(J3-K3) -> 3
A4: Accounting Organizations and Society | B4: =_xlfn.XLOOKUP(A4,'2020-2023'!$A$2:$A$49,'2020-2023'!$B$2:$B$49,"N/A") -> 1873-6289 | C4: 161 | D4: 7.45 | E4: 63.64 | F4: =$Q$1*D4+$R$1*E4 -> 35.545 | G4: 16 | H4: 3 | I4: 2 | J4: =IF(F4>$U$1,"5",IF(F4>$V$1,"4",IF(F4>$W$1,"3",IF(F4>$X$1,"2",IF(F4>$Y$1,"1",IF(F4>$Z$1,"0")))))) -> 2 | K4: 5 | N4: =ABS(J4-K4) -> 3
A5: Administrative Science Quarterly | B5: =_xlfn.XLOOKUP(A5,'2020-2023'!$A$2:$A$49,'2020-2023'!$B$2:$B$49,"N/A") -> 1930-3815 | C5: 183 | D5: 13.11 | E5: 53.33 | F5: =$Q$1*D5+$R$1*E5 -> 33.22 | G5: 5 | H5: 16 | I5: 3 | J5: =IF(F5>$U$1,"5",IF(F5>$V$1,"4",IF(F5>$W$1,"3",IF(F5>$X$1,"2",IF(F5>$Y$1,"1",IF(F5>$Z$1,"0")))))) -> 2 | K5: 5 | N5: =ABS(J5-K5) -> 3
A6: American Economic Review | B6: =_xlfn.XLOOKUP(A6,'2020-2023'!$A$2:$A$49,'2020-2023'!$B$2:$B$49,"N/A") -> 0022-3808 | C6: 794 | D6: 28.97 | E6: 62.03 | F6: =$Q$1*D6+$R$1*E6 -> 45.5 | G6: 8 | H6: 3 | I6: 5 | J6: =IF(F6>$U$1,"5",IF(F6>$V$1,"4",IF(F6>$W$1,"3",IF(F6>$X$1,"2",IF(F6>$Y$1,"1",IF(F6>$Z$1,"0")))))) -> 3 | K6: 5 | N6: =ABS(J6-K6) -> 2
A7: Econometrica | B7: =_xlfn.XLOOKUP(A7,'2020-2023'!$A$2:$A$49,'2020-2023'!$B$2:$B$49,"N/A") -> 1468-0262 | C7: 327 | D7: 12.54 | E7: 55.88 | F7: =$Q$1*D7+$R$1*E7 -> 34.21 | G7: 8 | H7: 10 | I7: 16 | J7: =IF(F7>$U$1,"5",IF(F7>$V$1,"4",IF(F7>$W$1,"3",IF(F7>$X$1,"2",IF(F7>$Y$1,"1",IF(F7>$Z$1,"0")))))) -> 2 | K7: 5 | N7: =ABS(J7-K7) -> 3
A8: Entrepreneurship Theory and Practice | B8: =_xlfn.XLOOKUP(A8,'2020-2023'!$A$2:$A$49,'2020-2023'!$B$2:$B$49,"N/A") -> 1540-6520 | C8: 258 | D8: 15.89 | E8: 45.45 | F8: =$Q$1*D8+$R$1*E8 -> 30.67 | G8: 5 | H8: 8 | I8: 16 | J8: =IF(F8>$U$1,"5",IF(F8>$V$1,"4",IF(F8>$W$1,"3",IF(F8>$X$1,"2",IF(F8>$Y$1,"1",IF(F8>$Z$1,"0")))))) -> 2 | K8: 5 | N8: =ABS(J8-K8) -> 3
A9: Human Relations | B9: =_xlfn.XLOOKUP(A9,'2020-2023'!$A$2:$A$49,'2020-2023'!$B$2:$B$49,"N/A") -> 1741-282X | C9: 387 | D9: 18.6 | E9: 38.78 | F9: =$Q$1*D9+$R$1*E9 -> 28.69 | G9: 5 | H9: 16 | I9: 3 | J9: =IF(F9>$U$1,"5",IF(F9>$V$1,"4",IF(F9>$W$1,"3",IF(F9>$X$1,"2",IF(F9>$Y$1,"1",IF(F9>$Z$1,"0")))))) -> 2 | K9: 5 | N9: =ABS(J9-K9) -> 3
A10: Information Systems Research | B10: =_xlfn.XLOOKUP(A10,'2020-2023'!$A$2:$A$49,'2020-2023'!$B$2:$B$49,"N/A") -> 2153-7895 | C10: 268 | D10: 11.57 | E10: 53.85 | F10: =$Q$1*D10+$R$1*E10 -> 32.71 | G10: 9 | H10: 3 | I10: 8 | J10: =IF(F10>$U$1,"5",IF(F10>$V$1,"4",IF(F10>$W$1,"3",IF(F10>$X$1,"2",IF(F10>$Y$1,"1",IF(F10>$Z$1,"0")))))) -> 2 | K10: 5 | N10: =ABS(J10-K10) -> 3
A11: Journal of Accounting and Economics | B11: =_xlfn.XLOOKUP(A11,'2020-2023'!$A$2:$A$49,'2020-2023'!$B$2:$B$49,"N/A") -> 1879-1980 | C11: 189 | D11: 4.76 | E11: 42.86 | F11: =$Q$1*D11+$R$1*E11 -> 23.81 | G11: 8 | H11: 9 | I11: 16 | J11: =IF(F11>$U$1,"5",IF(F11>$V$1,"4",IF(F11>$W$1,"3",IF(F11>$X$1,"2",IF(F11>$Y$1,"1",IF(F11>$Z$1,"0")))))) -> 2 | K11: 5 | N11: =ABS(J11-K11) -> 3
A12: Journal of Accounting Research | B12: =_xlfn.XLOOKUP(A12,'2020-2023'!$A$2:$A$49,'2020-2023'!$B$2:$B$49,"N/A") -> 0021-8456 | C12: 148 | D12: 7.43 | E12: 44.44 | F12: =$Q$1*D12+$R$1*E12 -> 25.935 | G12: 9 | H12: 8 | I12: 3 | J12: =IF(F12>$U$1,"5",IF(F12>$V$1,"4",IF(F12>$W$1,"3",IF(F12>$X$1,"2",IF(F12>$Y$1,"1",IF(F12>$Z$1,"0")))))) -> 2 | K12: 5 | N12: =ABS(J12-K12) -> 3
A13: Journal of Applied psychology | B13: =_xlfn.XLOOKUP(A13,'2020-2023'!$A$2:$A$49,'2020-2023'!$B$2:$B$49,"N/A") -> 0021-9010 | C13: 503 | D13: 16.7 | E13: 43.33 | F13: =$Q$1*D13+$R$1*E13 -> 30.015 | G13: 3 | H13: 16 | I13: 5 | J13: =IF(F13>$U$1,"5",IF(F13>$V$1,"4",IF(F13>$W$1,"3",IF(F13>$X$1,"2",IF(F13>$Y$1,"1",IF(F13>$Z$1,"0")))))) -> 2 | K13: 5 | N13: =ABS(J13-K13) -> 3
... A31: Marketing Science | B31: =_xlfn.XLOOKUP(A31,'2020-2023'!$A$2:$A$49,'2020-2023'!$B$2:$B$49,"N/A") -> 1526-548X | C31: 238 | D31: 4.62 | E31: 50 | F31: =$Q$1*D31+$R$1*E31 -> 27.31 | G31: 9 | H31: 3 | I31: 16 | J31: =IF(F31>$U$1,"5",IF(F31>$V$1,"4",IF(F31>$W$1,"3",IF(F31>$X$1,"2",IF(F31>$Y$1,"1",IF(F31>$Z$1,"0")))))) -> 2 | K31: 5 | N31: =ABS(J31-K31) -> 3
A32: MIS Quarterly | B32: =_xlfn.XLOOKUP(A32,'2020-2023'!$A$2:$A$49,'2020-2023'!$B$2:$B$49,"N/A") -> 2162-9730 | C32: 202 | D32: 3.47 | E32: 85.71 | F32: =$Q$1*D32+$R$1*E32 -> 44.59 | G32: 3 | H32: 16 | J32: =IF(F32>$U$1,"5",IF(F32>$V$1,"4",IF(F32>$W$1,"3",IF(F32>$X$1,"2",IF(F32>$Y$1,"1",IF(F32>$Z$1,"0")))))) -> 3 | K32: 5 | N32: =ABS(J32-K32) -> 2
A33: Operations Research | B33: =_xlfn.XLOOKUP(A33,'2020-2023'!$A$2:$A$49,'2020-2023'!$B$2:$B$49,"N/A") -> 1526-5463 | C33: 404 | D33: 8.17 | E33: 50 | F33: =$Q$1*D33+$R$1*E33 -> 29.085 | G33: 7 | H33: 3 | I33: 10 | J33: =IF(F33>$U$1,"5",IF(F33>$V$1,"4",IF(F33>$W$1,"3",IF(F33>$X$1,"2",IF(F33>$Y$1,"1",IF(F33>$Z$1,"0")))))) -> 2 | K33: 5 | N33: =ABS(J33-K33) -> 3
A34: Organization Science | B34: =_xlfn.XLOOKUP(A34,'2020-2023'!$A$2:$A$49,'2020-2023'!$B$2:$B$49,"N/A") -> 1047-7039 | C34: 277 | D34: 14.44 | E34: 43.33 | F34: =$Q$1*D34+$R$1*E34 -> 28.885 | G34: 9 | H34: 8 | I34: 5 | J34: =IF(F34>$U$1,"5",IF(F34>$V$1,"4",IF(F34>$W$1,"3",IF(F34>$X$1,"2",IF(F34>$Y$1,"1",IF(F34>$Z$1,"0")))))) -> 2 | K34: 5 | N34: =ABS(J34-K34) -> 3
A35: Organization Studies | B35: =_xlfn.XLOOKUP(A35,'2020-2023'!$A$2:$A$49,'2020-2023'!$B$2:$B$49,"N/A") -> 1741-3044 | C35: 481 | D35: 10.81 | E35: 54.29 | F35: =$Q$1*D35+$R$1*E35 -> 32.55 | G35: 16 | H35: 10 | I35: 5 | J35: =IF(F35>$U$1,"5",IF(F35>$V$1,"4",IF(F35>$W$1,"3",IF(F35>$X$1,"2",IF(F35>$Y$1,"1",IF(F35>$Z$1,"0")))))) -> 2 | K35: 5 | N35: =ABS(J35-K35) -> 3
A36: Organizational Behavior and Human Decision Processes | B36: =_xlfn.XLOOKUP(A36,'2020-2023'!$A$2:$A$49,'2020-2023'!$B$2:$B$49,"N/A") -> 0749-5978 | C36: 193 | D36: 8.81 | E36: 50 | F36: =$Q$1*D36+$R$1*E36 -> 29.405 | G36: 16 | H36: 5 | I36: 3 | J36: =IF(F36>$U$1,"5",IF(F36>$V$1,"4",IF(F36>$W$1,"3",IF(F36>$X$1,"2",IF(F36>$Y$1,"1",IF(F36>$Z$1,"0")))))) -> 2 | K36: 5 | N36: =ABS(J36-K36) -> 3
A37: Production and Operations Management | B37: =_xlfn.XLOOKUP(A37,'2020-2023'!$A$2:$A$49,'2020-2023'!$B$2:$B$49,"N/A") -> 1059-1478 | C37: 581 | D37: 17.04 | E37: 39.53 | F37: =$Q$1*D37+$R$1*E37 -> 28.285 | G37: 3 | H37: 12 | I37: 9 | J37: =IF(F37>$U$1,"5",IF(F37>$V$1,"4",IF(F37>$W$1,"3",IF(F37>$X$1,"2",IF(F37>$Y$1,"1",IF(F37>$Z$1,"0")))))) -> 2 | K37: 5 | N37: =ABS(J37-K37) -> 3
A38: Quarterly Journal of Economics | B38: =_xlfn.XLOOKUP(A38,'2020-2023'!$A$2:$A$49,'2020-2023'!$B$2:$B$49,"N/A") -> 0033-5533 | C38: 170 | D38: 37.06 | E38: 53.19 | F38: =$Q$1*D38+$R$1*E38 -> 45.125 | G38: 8 | H38: 10 | I38: 3 | J38: =IF(F38>$U$1,"5",IF(F38>$V$1,"4",IF(F38>$W$1,"3",IF(F38>$X$1,"2",IF(F38>$Y$1,"1",IF(F38>$Z$1,"0")))))) -> 3 | K38: 5 | N38: =ABS(J38-K38) -> 2
A39: Research Policy | B39: =_xlfn.XLOOKUP(A39,'2020-2023'!$A$2:$A$49,'2020-2023'!$B$2:$B$49,"N/A") -> 0048-7333 | C39: 653 | D39: 37.06 | E39: 61.54 | F39: =$Q$1*D39+$R$1*E39 -> 49.3 | G39: 9 | H39: 8 | I39: 7 | J39: =IF(F39>$U$1,"5",IF(F39>$V$1,"4",IF(F39>$W$1,"3",IF(F39>$X$1,"2",IF(F39>$Y$1,"1",IF(F39>$Z$1,"0")))))) -> 3 | K39: 5 | N39: =ABS(J39-K39) -> 2
A40: Review of Accounting Studies | B40: =_xlfn.XLOOKUP(A40,'2020-2023'!$A$2:$A$49,'2020-2023'!$B$2:$B$49,"N/A") -> 1380-6653 | C40: 167 | D40: 2.4 | E40: 75 | F40: =$Q$1*D40+$R$1*E40 -> 38.7 | G40: 16 | H40: 10 | J40: =IF(F40>$U$1,"5",IF(F40>$V$1,"4",IF(F40>$W$1,"3",IF(F40>$X$1,"2",IF(F40>$Y$1,"1",IF(F40>$Z$1,"0")))))) -> 2 | K40: 5 | N40: =ABS(J40-K40) -> 3
A41: Review of Economic Studies | B41: =_xlfn.XLOOKUP(A41,'2020-2023'!$A$2:$A$49,'2020-2023'!$B$2:$B$49,"N/A") -> 0034-6527 | C41: 282 | D41: 21.63 | E41: 54.35 | F41: =$Q$1*D41+$R$1*E41 -> 37.99 | G41: 8 | H41: 10 | I41: 16 | J41: =IF(F41>$U$1,"5",IF(F41>$V$1,"4",IF(F41>$W$1,"3",IF(F41>$X$1,"2",IF(F41>$Y$1,"1",IF(F41>$Z$1,"0")))))) -> 2 | K41: 5 | N41: =ABS(J41-K41) -> 3
A42: Review of Finance | B42: =_xlfn.XLOOKUP(A42,'2020-2023'!$A$2:$A$49,'2020-2023'!$B$2:$B$49,"N/A") -> 1875-824X | C42: 200 | D42: 3.5 | E42: 57.14 | F42: =$Q$1*D42+$R$1*E42 -> 30.32 | G42: 10 | H42: 8 | I42: 16 | J42: =IF(F42>$U$1,"5",IF(F42>$V$1,"4",IF(F42>$W$1,"3",IF(F42>$X$1,"2",IF(F42>$Y$1,"1",IF(F42>$Z$1,"0")))))) -> 2 | K42: 5 | N42: =ABS(J42-K42) -> 3
A43: Review of Financial Studies | B43: =_xlfn.XLOOKUP(A43,'2020-2023'!$A$2:$A$49,'2020-2023'!$B$2:$B$49,"N/A") -> 0893-9454 | C43: 533 | D43: 11.82 | E43: 50 | F43: =$Q$1*D43+$R$1*E43 -> 30.91 | G43: 8 | H43: 16 | I43: 9 | J43: =IF(F43>$U$1,"5",IF(F43>$V$1,"4",IF(F43>$W$1,"3",IF(F43>$X$1,"2",IF(F43>$Y$1,"1",IF(F43>$Z$1,"0")))))) -> 2 | K43: 5 | N43: =ABS(J43-K43) -> 3
A44: Strategic Entrepreneurship Journal | B44: =_xlfn.XLOOKUP(A44,'2020-2023'!$A$2:$A$49,'2020-2023'!$B$2:$B$49,"N/A") -> 1932-4391 | C44: 115 | D44: 17.39 | E44: 57.89 | F44: =$Q$1*D44+$R$1*E44 -> 37.64 | G44: 9 | H44: 8 | I44: 5 | J44: =IF(F44>$U$1,"5",IF(F44>$V$1,"4",IF(F44>$W$1,"3",IF(F44>$X$1,"2",IF(F44>$Y$1,"1",IF(F44>$Z$1,"0")))))) -> 2 | K44: 5 | N44: =ABS(J44-K44) -> 3
A45: Strategic Management Journal | B45: =_xlfn.XLOOKUP(A45,'2020-2023'!$A$2:$A$49,'2020-2023'!$B$2:$B$49,"N/A") -> 1097-0266 | C45: 465 | D45: 15.27 | E45: 46.3 | F45: =$Q$1*D45+$R$1*E45 -> 30.785 | G45: 9 | H45: 8 | I45: 16 | J45: =IF(F45>$U$1,"5",IF(F45>$V$1,"4",IF(F45>$W$1,"3",IF(F45>$X$1,"2",IF(F45>$Y$1,"1",IF(F45>$Z$1,"0")))))) -> 2 | K45: 5 | N45: =ABS(J45-K45) -> 3
A46: The Accounting Review | B46: =_xlfn.XLOOKUP(A46,'2020-2023'!$A$2:$A$49,'2020-2023'!$B$2:$B$49,"N/A") -> 1558-7967 | C46: 388 | D46: 6.44 | E46: 55 | F46: =$Q$1*D46+$R$1*E46 -> 30.72 | G46: 8 | H46: 16 | I46: 3 | J46: =IF(F46>$U$1,"5",IF(F46>$V$1,"4",IF(F46>$W$1,"3",IF(F46>$X$1,"2",IF(F46>$Y$1,"1",IF(F46>$Z$1,"0")))))) -> 2 | K46: 5 | N46: =ABS(J46-K46) -> 3
A47: The Journal of Finance | B47: =_xlfn.XLOOKUP(A47,'2020-2023'!$A$2:$A$49,'2020-2023'!$B$2:$B$49,"N/A") -> 1540-6261 | C47: 425 | D47: 7.06 | E47: 54.17 | F47: =$Q$1*D47+$R$1*E47 -> 30.615 | G47: 8 | H47: 16 | I47: 3 | J47: =IF(F47>$U$1,"5",IF(F47>$V$1,"4",IF(F47>$W$1,"3",IF(F47>$X$1,"2",IF(F47>$Y$1,"1",IF(F47>$Z$1,"0")))))) -> 2 | K47: 5 | N47: =ABS(J47-K47) -> 3
A48: Contemporary Accounting Research | B48: =_xlfn.XLOOKUP(A48,'2020-2023'!$A$2:$A$49,'2020-2023'!$B$2:$B$49,"N/A") -> 0823-9150 | C48: 397 | D48: 51.13 | E48: 39.51 | F48: =$Q$1*D48+$R$1*E48 -> 45.32 | G48: 8 | H48: 16 | I48: 17 | J48: =IF(F48>$U$1,"5",IF(F48>$V$1,"4",IF(F48>$W$1,"3",IF(F48>$X$1,"2",IF(F48>$Y$1,"1",IF(F48>$Z$1,"0")))))) -> 3 | K48: 5 | N48: =ABS(J48-K48) -> 2
A49: Human Resource Management | B49: =_xlfn.XLOOKUP(A49,'2020-2023'!$A$2:$A$49,'2020-2023'!$B$2:$B$49,"N/A") -> 0090-4848 | C49: 287 | D49: 69.34 | E49: 72.19 | F49: =$Q$1*D49+$R$1*E49 -> 70.765 | G49: 8 | H49: 5 | I49: 13 | J49: =IF(F49>$U$1,"5",IF(F49>$V$1,"4",IF(F49>$W$1,"3",IF(F49>$X$1,"2",IF(F49>$Y$1,"1",IF(F49>$Z$1,"0")))))) -> 4 | K49: 5 | N49: =ABS(J49-K49) -> 1

Sheet 2020-2023
A1: File Name | B1: ISSN | C1: Total Articles | D1: SDG Presence (%) | E1: Top SDG Dominance (%) | F1: NEW WEIGHT SDGII | G1: Top SDG 1 | H1: Top SDG 2 | I1: Top SDG 3 | J1: SDG WHEELS FORMULA | K1: STEINGARD FINE-TUNING | L1: SDG-DNA | M1: SDG-DNA FORMULA | N1: Absolute Difference | P1: 1.2 | Q1: =0.5 -> 0.5 | R1: =1-Q1 -> 0.5 | S1: =Q1+R1 -> 1 | U1: 80 | V1: 60 | W1: 40 | X1: 20 | Y1: 0 | Z1: 0 | AA1: New Accuracy | AB1: =COUNTIF(N2:N49,"<2")/COUNT(N2:N49) -> 0.020833333
A2: Academy of Management Journal | B2: 0001-4273 | C2: 300 | D2: 8.67 | E2: 50 | F2: =$Q$1*D2+$R$1*E2 -> 29.335 | G2: 3 | H2: 8 | I2: 16 | J2: =IF(F2>$U$1,"5",IF(F2>$V$1,"4",IF(F2>$W$1,"3",IF(F2>$X$1,"2",IF(F2>$Y$1,"1",IF(F2>$Z$1,"0")))))) -> 2 | K2: 5 | N2: =ABS(J2-K2) -> 3
A3: Academy of Management Review | B3: 1930-3807 | C3: 210 | D3: 0.48 | E3: 100 | F3: =$Q$1*D3+$R$1*E3 -> 50.24 | G3: 3 | J3: =IF(F3>$U$1,"5",IF(F3>$V$1,"4",IF(F3>$W$1,"3",IF(F3>$X$1,"2",IF(F3>$Y$1,"1",IF(F3>$Z$1,"0")))))) -> 3 | K3: 5 | N3: =ABS(J3-K3) -> 2
A4: Accounting Organizations and Society | B4: 1873-6289 | C4: 147 | D4: 8.16 | E4: 41.67 | F4: =$Q$1*D4+$R$1*E4 -> 24.915 | G4: 5 | H4: 9 | I4: 10 | J4: =IF(F4>$U$1,"5",IF(F4>$V$1,"4",IF(F4>$W$1,"3",IF(F4>$X$1,"2",IF(F4>$Y$1,"1",IF(F4>$Z$1,"0")))))) -> 2 | K4: 5 | N4: =ABS(J4-K4) -> 3
A5: Administrative Science Quarterly | B5: 1930-3815 | C5: 181 | D5: 11.6 | E5: 50 | F5: =$Q$1*D5+$R$1*E5 -> 30.8 | G5: 3 | H5: 5 | I5: 9 | J5: =IF(F5>$U$1,"5",IF(F5>$V$1,"4",IF(F5>$W$1,"3",IF(F5>$X$1,"2",IF(F5>$Y$1,"1",IF(F5>$Z$1,"0")))))) -> 2 | K5: 5 | N5: =ABS(J5-K5) -> 3
A6: American Economic Review | B6: 0022-3808 | C6: 447 | D6: 30.43 | E6: 59.09 | F6: =$Q$1*D6+$R$1*E6 -> 44.76 | G6: 8 | H6: 3 | I6: 16 | J6: =IF(F6>$U$1,"5",IF(F6>$V$1,"4",IF(F6>$W$1,"3",IF(F6>$X$1,"2",IF(F6>$Y$1,"1",IF(F6>$Z$1,"0")))))) -> 3 | K6: 5 | N6: =ABS(J6-K6) -> 2
A7: Econometrica | B7: 1468-0262 | C7: 439 | D7: 15.03 | E7: 69.09 | F7: =$Q$1*D7+$R$1*E7 -> 42.06 | G7: 8 | H7: 10 | I7: 16 | J7: =IF(F7>$U$1,"5",IF(F7>$V$1,"4",IF(F7>$W$1,"3",IF(F7>$X$1,"2",IF(F7>$Y$1,"1",IF(F7>$Z$1,"0")))))) -> 3 | K7: 5 | N7: =ABS(J7-K7) -> 2
A8: Entrepreneurship Theory and Practice | B8: 1540-6520 | C8: 226 | D8: 17.7 | E8: 40.74 | F8: =$Q$1*D8+$R$1*E8 -> 29.22 | G8: 8 | H8: 5 | I8: 3 | J8: =IF(F8>$U$1,"5",IF(F8>$V$1,"4",IF(F8>$W$1,"3",IF(F8>$X$1,"2",IF(F8>$Y$1,"1",IF(F8>$Z$1,"0")))))) -> 2 | K8: 5 | N8: =ABS(J8-K8) -> 3
A9: Human Relations | B9: 1741-282X | C9: 303 | D9: 21.45 | E9: 38.64 | F9: =$Q$1*D9+$R$1*E9 -> 30.045 | G9: 16 | H9: 5 | I9: 8 | J9: =IF(F9>$U$1,"5",IF(F9>$V$1,"4",IF(F9>$W$1,"3",IF(F9>$X$1,"2",IF(F9>$Y$1,"1",IF(F9>$Z$1,"0")))))) -> 2 | K9: 5 | N9: =ABS(J9-K9) -> 3
A10: Information Systems Research | B10: 2153-7895 | C10: 408 | D10: 14.22 | E10: 44.12 | F10: =$Q$1*D10+$R$1*E10 -> 29.17 | G10: 3 | H10: 9 | I10: 8 | J10: =IF(F10>$U$1,"5",IF(F10>$V$1,"4",IF(F10>$W$1,"3",IF(F10>$X$1,"2",IF(F10>$Y$1,"1",IF(F10>$Z$1,"0")))))) -> 2 | K10: 5 | N10: =ABS(J10-K10) -> 3
A11: Journal of Accounting and Economics | B11: 1879-1980 | C11: 202 | D11: 10.4 | E11: 42.86 | F11: =$Q$1*D11+$R$1*E11 -> 26.63 | G11: 16 | H11: 9 | I11: 13 | J11: =IF(F11>$U$1,"5",IF(F11>$V$1,"4",IF(F11>$W$1,"3",IF(F11>$X$1,"2",IF(F11>$Y$1,"1",IF(F11>$Z$1,"0")))))) -> 2 | K11: 5 | N11: =ABS(J11-K11) -> 3
A12: Journal of Accounting Research | B12: 0021-8456 | C12: 197 | D12: 11.17 | E12: 56.25 | F12: =$Q$1*D12+$R$1*E12 -> 33.71 | G12: 16 | H12: 8 | I12: 9 | J12: =IF(F12>$U$1,"5",IF(F12>$V$1,"4",IF(F12>$W$1,"3",IF(F12>$X$1,"2",IF(F12>$Y$1,"1",IF(F12>$Z$1,"0")))))) -> 2 | K12: 5 | N12: =ABS(J12-K12) -> 3
A13: Journal of Applied Psychology | B13: 0021-9010 | C13: 642 | D13: 20.72 | E13: 62.75 | F13: =$Q$1*D13+$R$1*E13 -> 41.735 | G13: 3 | H13: 5 | I13: 8 | J13: =IF(F13>$U$1,"5",IF(F13>$V$1,"4",IF(F13>$W$1,"3",IF(F13>$X$1,"2",IF(F13>$Y$1,"1",IF(F13>$Z$1,"0")))))) -> 3 | K13: 5 | N13: =ABS(J13-K13) -> 2
A14: Journal of Business Ethics | B14: 1573-0697 | C14: 1168 | D14: 26.97 | E14: 64.32 | F14: =$Q$1*D14+$R$1*E14 -> 45.645 | G14: 16 | H14: 5 | I14: 12 | J14: =IF(F14>$U$1,"5",IF(F14>$V$1,"4",IF(F14>$W$1,"3",IF(F14>$X$1,"2",IF(F14>$Y$1,"1",IF(F14>$Z$1,"0")))))) -> 3 | K14: 5 | N14: =ABS(J14-K14) -> 2
A15: Journal of Business Venturing | B15: 0883-9026 | C15: 216 | D15: 15.28 | E15: 35.29 | F15: =$Q$1*D15+$R$1*E15 -> 25.285 | G15: 9 | H15: 8 | I15: 11 | J15: =IF(F15>$U$1,"5",IF(F15>$V$1,"4",IF(F15>$W$1,"3",IF(F15>$X$1,"2",IF(F15>$Y$1,"1",IF(F15>$Z$1,"0")))))) -> 2 | K15: 5 | N15: =ABS(J15-K15) -> 3
... A26: Journal of Operations Management | B26: 0272-6963 | C26: 174 | D26: 28.16 | E26: 42.5 | F26: =$Q$1*D26+$R$1*E26 -> 35.33 | G26: 9 | H26: 12 | I26: 3 | J26: =IF(F26>$U$1,"5",IF(F26>$V$1,"4",IF(F26>$W$1,"3",IF(F26>$X$1,"2",IF(F26>$Y$1,"1",IF(F26>$Z$1,"0")))))) -> 2 | K26: 5 | N26: =ABS(J26-K26) -> 3
A27: Journal of Political Economy | B27: 0022-3808 | C27: 453 | D27: 0.88 | E27: 75 | F27: =$Q$1*D27+$R$1*E27 -> 37.94 | G27: 4 | H27: 7 | J27: =IF(F27>$U$1,"5",IF(F27>$V$1,"4",IF(F27>$W$1,"3",IF(F27>$X$1,"2",IF(F27>$Y$1,"1",IF(F27>$Z$1,"0")))))) -> 2 | K27: 5 | N27: =ABS(J27-K27) -> 3
A28: Journal of the Academy of Marketing Science | B28: 1552-7824 | C28: 278 | D28: 14.03 | E28: 37.5 | F28: =$Q$1*D28+$R$1*E28 -> 25.765 | G28: 3 | H28: 6 | I28: 9 | J28: =IF(F28>$U$1,"5",IF(F28>$V$1,"4",IF(F28>$W$1,"3",IF(F28>$X$1,"2",IF(F28>$Y$1,"1",IF(F28>$Z$1,"0")))))) -> 2 | K28: 5 | N28: =ABS(J28-K28) -> 3
A29: Management Science | B29: 1526-5501 | C29: 1712 | D29: 12.27 | E29: 38.18 | F29: =$Q$1*D29+$R$1*E29 -> 25.225 | G29: 8 | H29: 3 | I29: 9 | J29: =IF(F29>$U$1,"5",IF(F29>$V$1,"4",IF(F29>$W$1,"3",IF(F29>$X$1,"2",IF(F29>$Y$1,"1",IF(F29>$Z$1,"0")))))) -> 2 | K29: 5 | N29: =ABS(J29-K29) -> 3
A30: Manufacturing and Service Operations Management | B30: 1523-4614 | C30: 507 | D30: 20.12 | E30: 39.39 | F30: =$Q$1*D30+$R$1*E30 -> 29.755 | G30: 12 | H30: 3 | I30: 9 | J30: =IF(F30>$U$1,"5",IF(F30>$V$1,"4",IF(F30>$W$1,"3",IF(F30>$X$1,"2",IF(F30>$Y$1,"1",IF(F30>$Z$1,"0")))))) -> 2 | K30: 5 | N30: =ABS(J30-K30) -> 3
A31: Marketing Science | B31: 1526-548X | C31: 264 | D31: 6.82 | E31: 41.67 | F31: =$Q$1*D31+$R$1*E31 -> 24.245 | G31: 9 | H31: 3 | I31: 10 | J31: =IF(F31>$U$1,"5",IF(F31>$V$1,"4",IF(F31>$W$1,"3",IF(F31>$X$1,"2",IF(F31>$Y$1,"1",IF(F31>$Z$1,"0")))))) -> 2 | K31: 5 | N31: =ABS(J31-K31) -> 3
A32: MIS Quarterly | B32: 2162-9730 | C32: 269 | D32: 18.22 | E32: 51.43 | F32: =$Q$1*D32+$R$1*E32 -> 34.825 | G32: 3 | H32: 9 | I32: 16 | J32: =IF(F32>$U$1,"5",IF(F32>$V$1,"4",IF(F32>$W$1,"3",IF(F32>$X$1,"2",IF(F32>$Y$1,"1",IF(F32>$Z$1,"0")))))) -> 2 | K32: 5 | N32: =ABS(J32-K32) -> 3
A33: Operations Research | B33: 1526-5463 | C33: 566 | D33: 7.95 | E33: 52.94 | F33: =$Q$1*D33+$R$1*E33 -> 30.445 | G33: 7 | H33: 3 | I33: 10 | J33: =IF(F33>$U$1,"5",IF(F33>$V$1,"4",IF(F33>$W$1,"3",IF(F33>$X$1,"2",IF(F33>$Y$1,"1",IF(F33>$Z$1,"0")))))) -> 2 | K33: 5 | N33: =ABS(J33-K33) -> 3
A34: Organization Science | B34: 1047-7039 | C34: 396 | D34: 14.9 | E34: 40 | F34: =$Q$1*D34+$R$1*E34 -> 27.45 | G34: 9 | H34: 8 | I34: 5 | J34: =IF(F34>$U$1,"5",IF(F34>$V$1,"4",IF(F34>$W$1,"3",IF(F34>$X$1,"2",IF(F34>$Y$1,"1",IF(F34>$Z$1,"0")))))) -> 2 | K34: 5 | N34: =ABS(J34-K34) -> 3
A35: Organization Studies | B35: 1741-3044 | C35: 352 | D35: 11.08 | E35: 40.74 | F35: =$Q$1*D35+$R$1*E35 -> 25.91 | G35: 16 | H35: 11 | I35: 5 | J35: =IF(F35>$U$1,"5",IF(F35>$V$1,"4",IF(F35>$W$1,"3",IF(F35>$X$1,"2",IF(F35>$Y$1,"1",IF(F35>$Z$1,"0")))))) -> 2 | K35: 5 | N35: =ABS(J35-K35) -> 3
A36: Organizational Behavior and Human Decision Processes | B36: 0749-5978 | C36: 266 | D36: 15.79 | E36: 38.24 | F36: =$Q$1*D36+$R$1*E36 -> 27.015 | G36: 16 | H36: 5 | I36: 3 | J36: =IF(F36>$U$1,"5",IF(F36>$V$1,"4",IF(F36>$W$1,"3",IF(F36>$X$1,"2",IF(F36>$Y$1,"1",IF(F36>$Z$1,"0")))))) -> 2 | K36: 5 | N36: =ABS(J36-K36) -> 3
A37: Production and Operations Management | B37: 1059-1478 | C37: 952 | D37: 20.9 | E37: 37.5 | F37: =$Q$1*D37+$R$1*E37 -> 29.2 | G37: 9 | H37: 12 | I37: 3 | J37: =IF(F37>$U$1,"5",IF(F37>$V$1,"4",IF(F37>$W$1,"3",IF(F37>$X$1,"2",IF(F37>$Y$1,"1",IF(F37>$Z$1,"0")))))) -> 2 | K37: 5 | N37: =ABS(J37-K37) -> 3
A38: Quarterly Journal of Economics | B38: 0033-5533 | C38: 198 | D38: 40.91 | E38: 46 | F38: =$Q$1*D38+$R$1*E38 -> 43.455 | G38: 8 | H38: 16 | I38: 10 | J38: =IF(F38>$U$1,"5",IF(F38>$V$1,"4",IF(F38>$W$1,"3",IF(F38>$X$1,"2",IF(F38>$Y$1,"1",IF(F38>$Z$1,"0")))))) -> 3 | K38: 5 | N38: =ABS(J38-K38) -> 2
A39: Research Policy | B39: 0048-7333 | C39: 671 | D39: 36.51 | E39: 53.23 | F39: =$Q$1*D39+$R$1*E39 -> 44.87 | G39: 9 | H39: 8 | I39: 4 | J39: =IF(F39>$U$1,"5",IF(F39>$V$1,"4",IF(F39>$W$1,"3",IF(F39>$X$1,"2",IF(F39>$Y$1,"1",IF(F39>$Z$1,"0")))))) -> 3 | K39: 5 | N39: =ABS(J39-K39) -> 2
... A46: The Accounting Review | B46: 1558-7967 | C46: 421 | D46: 12.11 | E46: 38.64 | F46: =$Q$1*D46+$R$1*E46 -> 25.375 | G46: 9 | H46: 8 | I46: 16 | J46: =IF(F46>$U$1,"5",IF(F46>$V$1,"4",IF(F46>$W$1,"3",IF(F46>$X$1,"2",IF(F46>$Y$1,"1",IF(F46>$Z$1,"0")))))) -> 2 | K46: 5 | N46: =ABS(J46-K46) -> 3
A47: The Journal of Finance | B47: 1540-6261 | C47: 374 | D47: 8.29 | E47: 66.67 | F47: =$Q$1*D47+$R$1*E47 -> 37.48 | G47: 8 | H47: 10 | I47: 5 | J47: =IF(F47>$U$1,"5",IF(F47>$V$1,"4",IF(F47>$W$1,"3",IF(F47>$X$1,"2",IF(F47>$Y$1,"1",IF(F47>$Z$1,"0")))))) -> 2 | K47: 5 | L47: 5 | M47: 5 | N47: =ABS(J47-K47) -> 3
A48: Contemporary Accounting Research | B48: 0823-9150 | C48: 376 | D48: 47.87 | E48: 41.86 | F48: =$Q$1*D48+$R$1*E48 -> 44.865 | G48: 8 | H48: 16 | I48: 9 | J48: =IF(F48>$U$1,"5",IF(F48>$V$1,"4",IF(F48>$W$1,"3",IF(F48>$X$1,"2",IF(F48>$Y$1,"1",IF(F48>$Z$1,"0")))))) -> 3 | K48: 5 | N48: =ABS(J48-K48) -> 2
A49: Human Resource Management | B49: 0090-4848 | C49: 215 | D49: 72.56 | E49: 70.69 | F49: =$Q$1*D49+$R$1*E49 -> 71.625 | G49: 8 | H49: 5 | I49: 10 | J49: =IF(F49>$U$1,"5",IF(F49>$V$1,"4",IF(F49>$W$1,"3",IF(F49>$X$1,"2",IF(F49>$Y$1,"1",IF(F49>$Z$1,"0")))))) -> 4 | K49: 5 | N49: =ABS(J49-K49) -> 1
